Dougherty,Antwan,ADougherty55603/-FR
Knox,Patrick,PKnoxx53901/-SR
Parrish,Shane,SParrish47410/-SO
Kerr,Jerome,JKerrx13004/-SR
Foley,Adriel,AFoley75204/-JR
Wagner,Seamus,SWagner83702/-SR
Hobbs,Ashton,AHobbs84405/-FR
Petty,Evie,EPetty20504/-SO
Myers,Leandro,LMyers18307/-SR
Roberts,Julia,JRoberts83012/-FR
Brandt,Lukas,LBrandt11211/-FR
Livingston,Alani,ALivingston00612/-SO
Peterson,Jamiya,JPeterson63903/-JR
Roy,Kirsten,KRoyxx82509/-FR
Copeland,Johnny,JCopeland58301/-FR
Wong,Amirah,AWongx53308/-SO
Kline,Luciano,LKline20107/-SO
Joseph,Lance,LJoseph64101/-SR
Rangel,Paula,PRangel43102/-SR
Massey,Jamie,JMassey85310/-SR
Rubio,Karli,KRubio75511/-SR
Mcguire,Ellis,EMcguire53412/-JR
Oliver,Madyson,MOliver66804/-FR
Fry,Serenity,SFryxx41103/-JR
Leon,Jaliyah,JLeonx98109/-SO
Guerrero,Parker,PGuerrero24705/-FR
Kemp,Milagros,MKempx89709/-SR
Garza,Aniya,AGarza60111/-FR
Roberts,Zoe,ZRoberts52801/-SO
Chan,Ryder,RChanx23901/-SR
Norton,Antonio,ANorton17210/-SR
Kim,Jazlene,JKimxx22402/-JR
Cox,America,ACoxxx78103/-SR
Rogers,Colby,CRogers20812/-SR
Conrad,Stella,SConrad74609/-SO
Mccullough,Micheal,MMccullough22306/-SR
Hardy,Kolby,KHardy11912/-JR
Tapia,Sophia,STapia83809/-FR
Jacobson,Addison,AJacobson89101/-JR
Terrell,Aimee,ATerrell39005/-FR
Cannon,Abagail,ACannon37611/-FR
Conrad,Donald,DConrad78202/-JR
Medina,Tiana,TMedina66708/-JR
Vasquez,Edwin,EVasquez46609/-SO
Mcclain,Sofia,SMcclain73211/-SR
Nash,Braylon,BNashx49810/-FR
Buchanan,Chaya,CBuchanan42503/-SR
Juarez,Charlize,CJuarez30405/-SR
Yu,Xzavier,XYuxxx03604/-SO
Kent,Timothy,TKentx91609/-FR
Jones,Bailee,BJones12109/-SR
Hoover,Elizabeth,EHoover89812/-FR
Ramos,Jaida,JRamos12302/-SR
Livingston,Perla,PLivingston24010/-SR
Simpson,Shayna,SSimpson52906/-SO
Dawson,Jan,JDawson55611/-JR
Huffman,Aryana,AHuffman62901/-SO
Fernandez,Hillary,HFernandez68405/-JR
Barnes,Hillary,HBarnes36009/-FR
Parks,Kayla,KParks99012/-SR
Murphy,Todd,TMurphy45511/-FR
Kelley,Melissa,MKelley39803/-SR
Gross,Abbigail,AGross56305/-SO
Benton,Alina,ABenton82505/-SO
Klein,Jadon,JKlein31703/-SO
Love,Saul,SLovex88010/-SO
Galvan,Ingrid,IGalvan20405/-FR
Logan,Zachery,ZLogan14303/-FR
Singleton,Rubi,RSingleton21901/-SO
Esparza,Emiliano,EEsparza34608/-JR
Salazar,Sierra,SSalazar64201/-FR
Blair,Ashlyn,ABlair90607/-SR
Barrera,Destiney,DBarrera58206/-JR
Good,Armani,AGoodx04203/-FR
Mcneil,Maximus,MMcneil76511/-JR
Peters,Jalen,JPeters54303/-JR
Preston,Chana,CPreston73204/-SR
Simmons,Asia,ASimmons66503/-FR
Mccarty,Ronan,RMccarty09709/-SO
Mitchell,Adrianna,AMitchell12406/-FR
Evans,Molly,MEvans88704/-SR
Mcclure,Lilah,LMcclure11907/-SR
Riddle,Lola,LRiddle43010/-JR
Novak,Khloe,KNovak11406/-JR
Harding,Elyse,EHarding53506/-SR
Clark,Aditya,AClark82211/-FR
Patterson,Alvin,APatterson96701/-SR
Benson,Deegan,DBenson95103/-FR
Mcbride,Aaron,AMcbride61108/-SR
West,Lilyana,LWestx51604/-SO
Liu,Connor,CLiuxx93606/-SO
Camacho,Asher,ACamacho73508/-SO
Hancock,Myles,MHancock23909/-SO
Cook,Asher,ACookx28609/-SO
Tanner,Cale,CTanner83404/-SO
Hester,Trent,THester16810/-SO
Romero,Cristofer,CRomero87010/-SO
Caldwell,Maren,MCaldwell74510/-SO
Long,Matthew,MLongx73312/-FR
Booker,Remington,RBooker22205/-JR
